Region,Country,Year,Population,Christians,Muslims,Religiously_unaffiliated,Buddhists,Hindus,Jews,Other_religions,Level,Countrycode,,,,,,,
World,All World,2010,"7,020,590,000","2,147,230,000","1,675,800,000","1,635,250,000","342,750,000","1,051,540,000","13,910,000","154,110,000",3,900,,,,,,,
World,All World,2020,"7,885,810,000","2,268,860,000","2,022,590,000","1,905,360,000","324,190,000","1,177,860,000","14,780,000","172,170,000",3,900,,,,,,,
Asia-Pacific,All Asia-Pacific,2010,"4,128,250,000","253,420,000","1,022,290,000","1,363,120,000","336,320,000","1,043,560,000","180,000","109,360,000",2,90001,,,,,,,
Asia-Pacific,All Asia-Pacific,2020,"4,544,800,000","268,840,000","1,187,660,000","1,492,750,000","316,110,000","1,166,710,000","190,000","112,540,000",2,90001,,,,,,,
Europe,All Europe,2010,"741,700,000","553,630,000","39,280,000","138,740,000","2,010,000","1,650,000","1,390,000","5,000,000",2,90002,,,,,,,
Europe,All Europe,2020,"752,960,000","505,140,000","45,510,000","190,320,000","2,540,000","2,150,000","1,280,000","6,020,000",2,90002,,,,,,,
Latin America-Caribbean,All Latin America-Caribbean,2010,"588,470,000","530,230,000","710,000","46,140,000","340,000","660,000","450,000","9,950,000",2,90003,,,,,,,
Latin America-Caribbean,All Latin America-Caribbean,2020,"646,240,000","546,920,000","750,000","77,150,000","330,000","700,000","390,000","20,000,000",2,90003,,,,,,,
Middle East-North Africa,All Middle East-North Africa,2010,"355,630,000","11,800,000","334,180,000","1,320,000","60,000","1,990,000","5,770,000","510,000",2,90004,,,,,,,
Middle East-North Africa,All Middle East-North Africa,2020,"439,690,000","12,920,000","414,110,000","1,860,000","90,000","3,220,000","6,790,000","700,000",2,90004,,,,,,,
North America,All North America,2010,"345,260,000","266,490,000","3,880,000","59,340,000","3,960,000","2,330,000","6,050,000","3,200,000",2,90005,,,,,,,
North America,All North America,2020,"377,610,000","237,630,000","5,910,000","114,130,000","5,050,000","3,620,000","6,090,000","5,180,000",2,90005,,,,,,,
Sub-Saharan Africa,All Sub-Saharan Africa,2010,"861,270,000","531,650,000","275,460,000","26,590,000","60,000","1,340,000","80,000","26,090,000",2,90006,,,,,,,
Sub-Saharan Africa,All Sub-Saharan Africa,2020,"1,124,520,000","697,420,000","368,640,000","29,140,000","70,000","1,460,000","50,000","27,730,000",2,90006,,,,,,,
Asia-Pacific,Afghanistan,2010,"28,280,000","30,000","28,210,000","< 10,000","< 10,000","< 10,000","< 10,000","30,000",1,4,,,,,,,
Asia-Pacific,Afghanistan,2020,"39,070,000","< 10,000","39,020,000","< 10,000","< 10,000","< 10,000","< 10,000","40,000",1,4,,,,,,,
Europe,Albania,2010,"2,930,000","590,000","2,050,000","280,000","< 10,000","< 10,000","< 10,000","< 10,000",1,8,,,,,,,
Europe,Albania,2020,"2,870,000","510,000","2,140,000","220,000","< 10,000","< 10,000","< 10,000","< 10,000",1,8,,,,,,,
Middle East-North Africa,Algeria,2010,"36,190,000","110,000","35,670,000","390,000","< 10,000","< 10,000","< 10,000","10,000",1,12,,,,,,,
Middle East-North Africa,Algeria,2020,"44,040,000","130,000","43,330,000","560,000","< 10,000","< 10,000","< 10,000","20,000",1,12,,,,,,,
Sub-Saharan Africa,Angola,2010,"23,290,000","21,330,000","40,000","1,040,000","< 10,000","< 10,000","< 10,000","880,000",1,24,,,,,,,
Sub-Saharan Africa,Angola,2020,"33,450,000","31,120,000","90,000","2,050,000","< 10,000","< 10,000","< 10,000","190,000",1,24,,,,,,,
Latin America-Caribbean,Argentina,2010,"41,290,000","36,360,000","410,000","4,020,000","10,000","< 10,000","180,000","300,000",1,32,,,,,,,
Latin America-Caribbean,Argentina,2020,"45,190,000","39,970,000","420,000","4,170,000","10,000","< 10,000","170,000","440,000",1,32,,,,,,,
Asia-Pacific,Armenia,2010,"2,930,000","2,860,000","< 10,000","40,000","< 10,000","< 10,000","< 10,000","40,000",1,51,,,,,,,
Asia-Pacific,Armenia,2020,"2,890,000","2,810,000","< 10,000","30,000","< 10,000","< 10,000","< 10,000","40,000",1,51,,,,,,,
Latin America-Caribbean,Aruba,2010,"100,000","80,000","< 10,000","< 10,000","< 10,000","< 10,000","< 10,000","10,000",1,533,,,,,,,
Latin America-Caribbean,Aruba,2020,"110,000","90,000","< 10,000","< 10,000","< 10,000","< 10,000","< 10,000","10,000",1,533,,,,,,,
Asia-Pacific,Australia,2010,"22,140,000","14,860,000","550,000","5,500,000","600,000","320,000","110,000","190,000",1,36,,,,,,,
Asia-Pacific,Australia,2020,"25,740,000","12,040,000","900,000","10,900,000","670,000","760,000","110,000","360,000",1,36,,,,,,,
Europe,Austria,2010,"8,370,000","6,730,000","450,000","1,130,000","20,000","< 10,000","10,000","20,000",1,40,,,,,,,
Europe,Austria,2020,"8,920,000","6,080,000","740,000","2,000,000","30,000","10,000","< 10,000","60,000",1,40,,,,,,,
Asia-Pacific,Azerbaijan,2010,"9,150,000","150,000","8,880,000","100,000","< 10,000","< 10,000","10,000","< 10,000",1,31,,,,,,,
Asia-Pacific,Azerbaijan,2020,"10,180,000","40,000","9,640,000","480,000","< 10,000","< 10,000","< 10,000","< 10,000",1,31,,,,,,,
Latin America-Caribbean,Bahamas,2010,"370,000","360,000","< 10,000","< 10,000","< 10,000","< 10,000","< 10,000","< 10,000",1,44,,,,,,,
Latin America-Caribbean,Bahamas,2020,"400,000","390,000","< 10,000","< 10,000","< 10,000","< 10,000","< 10,000","< 10,000",1,44,,,,,,,
Middle East-North Africa,Bahrain,2010,"1,210,000","190,000","850,000","< 10,000","< 10,000","160,000","< 10,000","< 10,000",1,48,,,,,,,
Middle East-North Africa,Bahrain,2020,"1,480,000","200,000","1,100,000","< 10,000","< 10,000","170,000","< 10,000","< 10,000",1,48,,,,,,,
Asia-Pacific,Bangladesh,2010,"152,200,000","460,000","137,550,000","< 10,000","950,000","13,030,000","< 10,000","210,000",1,50,,,,,,,
Asia-Pacific,Bangladesh,2020,"166,300,000","500,000","151,440,000","< 10,000","1,010,000","13,140,000","< 10,000","200,000",1,50,,,,,,,
Latin America-Caribbean,Barbados,2010,"280,000","210,000","< 10,000","60,000","< 10,000","< 10,000","< 10,000","< 10,000",1,52,,,,,,,
Latin America-Caribbean,Barbados,2020,"280,000","220,000","< 10,000","60,000","< 10,000","< 10,000","< 10,000","< 10,000",1,52,,,,,,,
Europe,Belarus,2010,"9,490,000","8,910,000","20,000","470,000","< 10,000","< 10,000","10,000","70,000",1,112,,,,,,,
Europe,Belarus,2020,"9,350,000","7,960,000","20,000","1,290,000","< 10,000","< 10,000","< 10,000","70,000",1,112,,,,,,,
Europe,Belgium,2010,"10,940,000","6,680,000","560,000","3,500,000","20,000","10,000","30,000","130,000",1,56,,,,,,,
Europe,Belgium,2020,"11,540,000","5,880,000","790,000","4,500,000","20,000","30,000","30,000","300,000",1,56,,,,,,,
Latin America-Caribbean,Belize,2010,"320,000","240,000","< 10,000","50,000","< 10,000","< 10,000","< 10,000","30,000",1,84,,,,,,,
Latin America-Caribbean,Belize,2020,"390,000","290,000","< 10,000","60,000","< 10,000","< 10,000","< 10,000","40,000",1,84,,,,,,,
Sub-Saharan Africa,Benin,2010,"9,800,000","5,710,000","2,300,000","430,000","< 10,000","< 10,000","< 10,000","1,350,000",1,204,,,,,,,
Sub-Saharan Africa,Benin,2020,"13,070,000","6,960,000","4,100,000","640,000","< 10,000","< 10,000","< 10,000","1,370,000",1,204,,,,,,,
Asia-Pacific,Bhutan,2010,"700,000","< 10,000","< 10,000","< 10,000","520,000","160,000","< 10,000","10,000",1,64,,,,,,,
Asia-Pacific,Bhutan,2020,"770,000","< 10,000","< 10,000","< 10,000","580,000","170,000","< 10,000","10,000",1,64,,,,,,,
Latin America-Caribbean,Bolivia,2010,"10,180,000","9,750,000","< 10,000","410,000","< 10,000","< 10,000","< 10,000","20,000",1,68,,,,,,,
Latin America-Caribbean,Bolivia,2020,"11,820,000","10,510,000","< 10,000","1,130,000","< 10,000","< 10,000","< 10,000","180,000",1,68,,,,,,,
Europe,Bosnia-Herzegovina,2010,"3,810,000","1,770,000","1,950,000","40,000","< 10,000","< 10,000","< 10,000","40,000",1,70,,,,,,,
Europe,Bosnia-Herzegovina,2020,"3,300,000","1,470,000","1,770,000","30,000","< 10,000","< 10,000","< 10,000","20,000",1,70,,,,,,,
Sub-Saharan Africa,Botswana,2010,"2,030,000","1,640,000","10,000","300,000","< 10,000","< 10,000","< 10,000","80,000",1,72,,,,,,,
Sub-Saharan Africa,Botswana,2020,"2,370,000","1,950,000","< 10,000","350,000","< 10,000","< 10,000","< 10,000","50,000",1,72,,,,,,,
Latin America-Caribbean,Brazil,2010,"193,700,000","172,700,000","40,000","15,720,000","250,000","< 10,000","110,000","4,890,000",1,76,,,,,,,
Latin America-Caribbean,Brazil,2020,"208,660,000","168,300,000","40,000","28,110,000","220,000","< 10,000","90,000","11,910,000",1,76,,,,,,,
Asia-Pacific,Brunei,2010,"390,000","30,000","310,000","< 10,000","30,000","< 10,000","< 10,000","10,000",1,96,,,,,,,
Asia-Pacific,Brunei,2020,"450,000","30,000","370,000","< 10,000","30,000","< 10,000","< 10,000","20,000",1,96,,,,,,,
Europe,Bulgaria,2010,"7,440,000","6,050,000","740,000","630,000","< 10,000","< 10,000","< 10,000","10,000",1,100,,,,,,,
Europe,Bulgaria,2020,"6,930,000","5,510,000","710,000","700,000","< 10,000","< 10,000","< 10,000","< 10,000",1,100,,,,,,,
Sub-Saharan Africa,Burkina Faso,2010,"16,180,000","4,300,000","10,410,000","100,000","< 10,000","< 10,000","< 10,000","1,370,000",1,854,,,,,,,
Sub-Saharan Africa,Burkina Faso,2020,"21,480,000","6,010,000","14,480,000","120,000","< 10,000","< 10,000","< 10,000","860,000",1,854,,,,,,,
Sub-Saharan Africa,Burundi,2010,"9,380,000","8,950,000","190,000","170,000","< 10,000","< 10,000","< 10,000","60,000",1,108,,,,,,,
Sub-Saharan Africa,Burundi,2020,"12,620,000","11,980,000","380,000","160,000","< 10,000","< 10,000","< 10,000","100,000",1,108,,,,,,,
Asia-Pacific,Cambodia,2010,"14,500,000","50,000","280,000","10,000","14,060,000","< 10,000","< 10,000","100,000",1,116,,,,,,,
Asia-Pacific,Cambodia,2020,"16,730,000","50,000","340,000","10,000","16,240,000","< 10,000","< 10,000","80,000",1,116,,,,,,,
Sub-Saharan Africa,Cameroon,2010,"19,670,000","14,100,000","4,190,000","600,000","< 10,000","< 10,000","< 10,000","770,000",1,120,,,,,,,
Sub-Saharan Africa,Cameroon,2020,"26,210,000","18,300,000","6,590,000","550,000","< 10,000","< 10,000","< 10,000","760,000",1,120,,,,,,,
North America,Canada,2010,"34,200,000","23,000,000","1,110,000","8,160,000","380,000","540,000","340,000","670,000",1,124,,,,,,,
North America,Canada,2020,"38,170,000","20,350,000","1,870,000","13,220,000","660,000","580,000","350,000","1,140,000",1,124,,,,,,,
Sub-Saharan Africa,Cape Verde,2010,"510,000","440,000","< 10,000","70,000","< 10,000","< 10,000","< 10,000","< 10,000",1,132,,,,,,,
Sub-Saharan Africa,Cape Verde,2020,"510,000","400,000","< 10,000","110,000","< 10,000","< 10,000","< 10,000","< 10,000",1,132,,,,,,,
Sub-Saharan Africa,Central African Republic,2010,"4,490,000","4,030,000","380,000","40,000","< 10,000","< 10,000","< 10,000","40,000",1,140,,,,,,,
Sub-Saharan Africa,Central African Republic,2020,"5,030,000","4,560,000","310,000","20,000","< 10,000","< 10,000","< 10,000","130,000",1,140,,,,,,,
Sub-Saharan Africa,Chad,2010,"12,310,000","4,870,000","7,050,000","330,000","< 10,000","< 10,000","< 10,000","60,000",1,148,,,,,,,
Sub-Saharan Africa,Chad,2020,"17,220,000","6,700,000","9,710,000","540,000","< 10,000","< 10,000","< 10,000","270,000",1,148,,,,,,,
Europe,Channel Islands,2010,"160,000","140,000","< 10,000","20,000","< 10,000","< 10,000","< 10,000","< 10,000",1,830,,,,,,,
Europe,Channel Islands,2020,"170,000","140,000","< 10,000","20,000","< 10,000","< 10,000","< 10,000","< 10,000",1,830,,,,,,,
Latin America-Caribbean,Chile,2010,"17,180,000","14,780,000","< 10,000","2,330,000","< 10,000","< 10,000","30,000","30,000",1,152,,,,,,,
Latin America-Caribbean,Chile,2020,"19,370,000","13,240,000","10,000","5,860,000","< 10,000","< 10,000","20,000","240,000",1,152,,,,,,,
Asia-Pacific,China,2010,"1,351,560,000","31,200,000","20,730,000","1,181,560,000","76,100,000","20,000","< 10,000","41,950,000",1,156,,,,,,,
Asia-Pacific,China,2020,"1,426,110,000","25,450,000","25,980,000","1,278,120,000","53,380,000","30,000","< 10,000","43,140,000",1,156,,,,,,,
Latin America-Caribbean,Colombia,2010,"44,780,000","41,380,000","< 10,000","3,240,000","< 10,000","< 10,000","< 10,000","140,000",1,170,,,,,,,
Latin America-Caribbean,Colombia,2020,"50,630,000","43,670,000","< 10,000","5,030,000","< 10,000","< 10,000","< 10,000","1,920,000",1,170,,,,,,,
Sub-Saharan Africa,Comoros,2010,"650,000","< 10,000","650,000","< 10,000","< 10,000","< 10,000","< 10,000","< 10,000",1,174,,,,,,,
Sub-Saharan Africa,Comoros,2020,"800,000","< 10,000","790,000","< 10,000","< 10,000","< 10,000","< 10,000","< 10,000",1,174,,,,,,,
Latin America-Caribbean,Costa Rica,2010,"4,560,000","4,160,000","< 10,000","340,000","< 10,000","< 10,000","< 10,000","50,000",1,188,,,,,,,
Latin America-Caribbean,Costa Rica,2020,"5,030,000","4,420,000","< 10,000","510,000","< 10,000","< 10,000","< 10,000","100,000",1,188,,,,,,,
Europe,Croatia,2010,"4,300,000","4,030,000","70,000","200,000","< 10,000","< 10,000","< 10,000","< 10,000",1,191,,,,,,,
Europe,Croatia,2020,"3,950,000","3,590,000","50,000","260,000","< 10,000","< 10,000","< 10,000","40,000",1,191,,,,,,,
Latin America-Caribbean,Cuba,2010,"11,300,000","6,640,000","< 10,000","2,660,000","< 10,000","20,000","< 10,000","1,960,000",1,192,,,,,,,
Latin America-Caribbean,Cuba,2020,"11,180,000","6,780,000","< 10,000","2,410,000","< 10,000","20,000","< 10,000","1,940,000",1,192,,,,,,,
Latin America-Caribbean,Curacao,2010,"160,000","140,000","< 10,000","< 10,000","< 10,000","< 10,000","< 10,000","< 10,000",1,531,,,,,,,
Latin America-Caribbean,Curacao,2020,"190,000","170,000","< 10,000","10,000","< 10,000","< 10,000","< 10,000","< 10,000",1,531,,,,,,,
Asia-Pacific,Cyprus,2010,"1,130,000","740,000","300,000","70,000","< 10,000","< 10,000","< 10,000","< 10,000",1,196,,,,,,,
Asia-Pacific,Cyprus,2020,"1,300,000","880,000","320,000","90,000","< 10,000","< 10,000","< 10,000","< 10,000",1,196,,,,,,,
Europe,Czech Republic,2010,"10,460,000","3,140,000","20,000","7,170,000","10,000","< 10,000","< 10,000","110,000",1,203,,,,,,,
Europe,Czech Republic,2020,"10,550,000","2,790,000","30,000","7,680,000","< 10,000","< 10,000","< 10,000","40,000",1,203,,,,,,,
Sub-Saharan Africa,Democratic Republic of the Congo,2010,"68,560,000","66,160,000","830,000","970,000","< 10,000","< 10,000","< 10,000","600,000",1,180,,,,,,,
Sub-Saharan Africa,Democratic Republic of the Congo,2020,"95,990,000","92,400,000","1,220,000","1,130,000","< 10,000","< 10,000","< 10,000","1,240,000",1,180,,,,,,,
Europe,Denmark,2010,"5,550,000","4,450,000","180,000","800,000","30,000","20,000","< 10,000","70,000",1,208,,,,,,,
Europe,Denmark,2020,"5,830,000","4,480,000","250,000","970,000","40,000","30,000","< 10,000","60,000",1,208,,,,,,,
Sub-Saharan Africa,Djibouti,2010,"930,000","10,000","910,000","10,000","< 10,000","< 10,000","< 10,000","< 10,000",1,262,,,,,,,
Sub-Saharan Africa,Djibouti,2020,"1,110,000","10,000","1,080,000","10,000","< 10,000","< 10,000","< 10,000","< 10,000",1,262,,,,,,,
Latin America-Caribbean,Dominican Republic,2010,"9,820,000","8,340,000","< 10,000","1,470,000","< 10,000","< 10,000","< 10,000","< 10,000",1,214,,,,,,,
Latin America-Caribbean,Dominican Republic,2020,"11,010,000","8,550,000","< 10,000","2,160,000","< 10,000","< 10,000","< 10,000","300,000",1,214,,,,,,,
Latin America-Caribbean,Ecuador,2010,"15,080,000","14,410,000","< 10,000","640,000","< 10,000","< 10,000","< 10,000","20,000",1,218,,,,,,,
Latin America-Caribbean,Ecuador,2020,"17,550,000","15,530,000","< 10,000","1,470,000","< 10,000","< 10,000","< 10,000","530,000",1,218,,,,,,,
Middle East-North Africa,Egypt,2010,"89,200,000","4,540,000","84,650,000","< 10,000","< 10,000","< 10,000","< 10,000","< 10,000",1,818,,,,,,,
Middle East-North Africa,Egypt,2020,"109,320,000","5,270,000","104,040,000","< 10,000","< 10,000","< 10,000","< 10,000","< 10,000",1,818,,,,,,,
Latin America-Caribbean,El Salvador,2010,"6,070,000","5,360,000","< 10,000","710,000","< 10,000","< 10,000","< 10,000","< 10,000",1,222,,,,,,,
Latin America-Caribbean,El Salvador,2020,"6,230,000","5,430,000","< 10,000","740,000","< 10,000","< 10,000","< 10,000","60,000",1,222,,,,,,,
Sub-Saharan Africa,Equatorial Guinea,2010,"1,190,000","1,050,000","50,000","60,000","< 10,000","< 10,000","< 10,000","30,000",1,226,,,,,,,
Sub-Saharan Africa,Equatorial Guinea,2020,"1,720,000","1,520,000","70,000","90,000","< 10,000","< 10,000","< 10,000","40,000",1,226,,,,,,,
Sub-Saharan Africa,Eritrea,2010,"2,950,000","1,390,000","1,510,000","30,000","< 10,000","< 10,000","< 10,000","20,000",1,232,,,,,,,
Sub-Saharan Africa,Eritrea,2020,"3,290,000","1,540,000","1,700,000","30,000","< 10,000","< 10,000","< 10,000","20,000",1,232,,,,,,,
Europe,Estonia,2010,"1,330,000","810,000","< 10,000","420,000","< 10,000","< 10,000","< 10,000","90,000",1,233,,,,,,,
Europe,Estonia,2020,"1,330,000","700,000","< 10,000","580,000","< 10,000","< 10,000","< 10,000","40,000",1,233,,,,,,,
Sub-Saharan Africa,Eswatini,2010,"1,110,000","1,040,000","< 10,000","40,000","< 10,000","< 10,000","< 10,000","30,000",1,748,,,,,,,
Sub-Saharan Africa,Eswatini,2020,"1,190,000","1,110,000","< 10,000","70,000","< 10,000","< 10,000","< 10,000","< 10,000",1,748,,,,,,,
Sub-Saharan Africa,Ethiopia,2010,"90,540,000","56,640,000","31,500,000","60,000","< 10,000","< 10,000","< 10,000","2,340,000",1,231,,,,,,,
Sub-Saharan Africa,Ethiopia,2020,"118,920,000","73,230,000","43,100,000","70,000","< 10,000","< 10,000","< 10,000","2,510,000",1,231,,,,,,,
Asia-Pacific,Federated States of Micronesia,2010,"110,000","110,000","< 10,000","< 10,000","< 10,000","< 10,000","< 10,000","< 10,000",1,583,,,,,,,
Asia-Pacific,Federated States of Micronesia,2020,"110,000","110,000","< 10,000","< 10,000","< 10,000","< 10,000","< 10,000","< 10,000",1,583,,,,,,,
Asia-Pacific,Fiji,2010,"910,000","600,000","60,000","< 10,000","< 10,000","250,000","< 10,000","< 10,000",1,242,,,,,,,
Asia-Pacific,Fiji,2020,"910,000","640,000","50,000","< 10,000","< 10,000","220,000","< 10,000","< 10,000",1,242,,,,,,,
Europe,Finland,2010,"5,360,000","4,390,000","40,000","890,000","< 10,000","< 10,000","< 10,000","30,000",1,246,,,,,,,
Europe,Finland,2020,"5,530,000","4,000,000","90,000","1,390,000","20,000","< 10,000","< 10,000","30,000",1,246,,,,,,,
Europe,France,2010,"63,420,000","36,210,000","4,200,000","21,870,000","330,000","60,000","490,000","260,000",1,250,,,,,,,
Europe,France,2020,"65,910,000","30,620,000","6,000,000","28,110,000","470,000","80,000","460,000","170,000",1,250,,,,,,,
Latin America-Caribbean,French Guiana,2010,"230,000","200,000","< 10,000","< 10,000","< 10,000","< 10,000","< 10,000","20,000",1,254,,,,,,,
Latin America-Caribbean,French Guiana,2020,"290,000","240,000","< 10,000","< 10,000","< 10,000","< 10,000","< 10,000","30,000",1,254,,,,,,,
Asia-Pacific,French Polynesia,2010,"270,000","250,000","< 10,000","10,000","< 10,000","< 10,000","< 10,000","< 10,000",1,258,,,,,,,
Asia-Pacific,French Polynesia,2020,"280,000","260,000","< 10,000","10,000","< 10,000","< 10,000","< 10,000","< 10,000",1,258,,,,,,,
Sub-Saharan Africa,Gabon,2010,"1,720,000","1,480,000","90,000","130,000","< 10,000","< 10,000","< 10,000","10,000",1,266,,,,,,,
Sub-Saharan Africa,Gabon,2020,"2,320,000","1,940,000","200,000","130,000","< 10,000","< 10,000","< 10,000","40,000",1,266,,,,,,,
Sub-Saharan Africa,Gambia,2010,"1,930,000","70,000","1,850,000","< 10,000","< 10,000","< 10,000","< 10,000","< 10,000",1,270,,,,,,,
Sub-Saharan Africa,Gambia,2020,"2,520,000","70,000","2,440,000","< 10,000","< 10,000","< 10,000","< 10,000","< 10,000",1,270,,,,,,,
Europe,Georgia,2010,"3,900,000","3,450,000","420,000","20,000","< 10,000","< 10,000","< 10,000","< 10,000",1,268,,,,,,,
Europe,Georgia,2020,"3,800,000","3,350,000","400,000","40,000","< 10,000","< 10,000","< 10,000","10,000",1,268,,,,,,,
Europe,Germany,2010,"80,830,000","50,300,000","4,160,000","25,720,000","260,000","100,000","120,000","180,000",1,276,,,,,,,
Europe,Germany,2020,"83,630,000","47,030,000","5,480,000","30,230,000","290,000","130,000","120,000","360,000",1,276,,,,,,,
Sub-Saharan Africa,Ghana,2010,"25,470,000","18,110,000","4,500,000","1,340,000","< 10,000","< 10,000","< 10,000","1,520,000",1,288,,,,,,,
Sub-Saharan Africa,Ghana,2020,"31,890,000","22,730,000","6,340,000","340,000","< 10,000","< 10,000","< 10,000","2,480,000",1,288,,,,,,,
Europe,Greece,2010,"11,120,000","10,150,000","500,000","410,000","< 10,000","< 10,000","< 10,000","50,000",1,300,,,,,,,
Europe,Greece,2020,"10,700,000","9,570,000","550,000","510,000","< 10,000","< 10,000","< 10,000","50,000",1,300,,,,,,,
Latin America-Caribbean,Grenada,2010,"110,000","100,000","< 10,000","< 10,000","< 10,000","< 10,000","< 10,000","< 10,000",1,308,,,,,,,
Latin America-Caribbean,Grenada,2020,"120,000","100,000","< 10,000","< 10,000","< 10,000","< 10,000","< 10,000","< 10,000",1,308,,,,,,,
Latin America-Caribbean,Guadeloupe,2010,"410,000","390,000","< 10,000","10,000","< 10,000","< 10,000","< 10,000","< 10,000",1,312,,,,,,,
Latin America-Caribbean,Guadeloupe,2020,"410,000","390,000","< 10,000","10,000","< 10,000","< 10,000","< 10,000","< 10,000",1,312,,,,,,,
Asia-Pacific,Guam,2010,"170,000","160,000","< 10,000","< 10,000","< 10,000","< 10,000","< 10,000","< 10,000",1,316,,,,,,,
Asia-Pacific,Guam,2020,"160,000","150,000","< 10,000","< 10,000","< 10,000","< 10,000","< 10,000","< 10,000",1,316,,,,,,,
Latin America-Caribbean,Guatemala,2010,"14,500,000","13,480,000","< 10,000","880,000","< 10,000","< 10,000","< 10,000","130,000",1,320,,,,,,,
Latin America-Caribbean,Guatemala,2020,"17,360,000","15,960,000","< 10,000","1,050,000","< 10,000","< 10,000","< 10,000","350,000",1,320,,,,,,,
Sub-Saharan Africa,Guinea,2010,"10,400,000","880,000","9,140,000","350,000","< 10,000","< 10,000","< 10,000","20,000",1,324,,,,,,,
Sub-Saharan Africa,Guinea,2020,"13,370,000","1,570,000","11,610,000","180,000","10,000","< 10,000","< 10,000","10,000",1,324,,,,,,,
Sub-Saharan Africa,Guinea-Bissau,2010,"1,570,000","410,000","840,000","40,000","< 10,000","< 10,000","< 10,000","280,000",1,624,,,,,,,
Sub-Saharan Africa,Guinea-Bissau,2020,"2,010,000","440,000","1,130,000","230,000","< 10,000","< 10,000","< 10,000","220,000",1,624,,,,,,,
Latin America-Caribbean,Guyana,2010,"750,000","480,000","50,000","20,000","< 10,000","190,000","< 10,000","< 10,000",1,328,,,,,,,
Latin America-Caribbean,Guyana,2020,"810,000","530,000","50,000","20,000","< 10,000","190,000","< 10,000","10,000",1,328,,,,,,,
Latin America-Caribbean,Haiti,2010,"9,800,000","8,930,000","< 10,000","750,000","< 10,000","< 10,000","< 10,000","130,000",1,332,,,,,,,
Latin America-Caribbean,Haiti,2020,"11,240,000","9,980,000","< 10,000","1,060,000","< 10,000","< 10,000","< 10,000","210,000",1,332,,,,,,,
Latin America-Caribbean,Honduras,2010,"8,370,000","7,540,000","< 10,000","800,000","10,000","< 10,000","< 10,000","20,000",1,340,,,,,,,
Latin America-Caribbean,Honduras,2020,"10,120,000","8,950,000","< 10,000","990,000","< 10,000","< 10,000","< 10,000","180,000",1,340,,,,,,,
Asia-Pacific,Hong Kong,2010,"7,100,000","1,320,000","< 10,000","4,840,000","840,000","< 10,000","< 10,000","80,000",1,344,,,,,,,
Asia-Pacific,Hong Kong,2020,"7,490,000","1,400,000","20,000","5,340,000","630,000","20,000","< 10,000","70,000",1,344,,,,,,,
Europe,Hungary,2010,"9,980,000","7,240,000","< 10,000","2,490,000","10,000","< 10,000","20,000","210,000",1,348,,,,,,,
Europe,Hungary,2020,"9,750,000","7,060,000","10,000","2,630,000","20,000","< 10,000","10,000","10,000",1,348,,,,,,,
Europe,Iceland,2010,"320,000","260,000","< 10,000","50,000","< 10,000","< 10,000","< 10,000","< 10,000",1,352,,,,,,,
Europe,Iceland,2020,"370,000","270,000","< 10,000","70,000","< 10,000","< 10,000","< 10,000","< 10,000",1,352,,,,,,,
Asia-Pacific,India,2010,"1,243,480,000","28,720,000","177,380,000","30,000","8,690,000","994,460,000","< 10,000","34,190,000",1,356,,,,,,,
Asia-Pacific,India,2020,"1,402,620,000","31,060,000","213,060,000","50,000","9,550,000","1,113,200,000","< 10,000","35,700,000",1,356,,,,,,,
Asia-Pacific,Indonesia,2010,"246,310,000","24,330,000","215,600,000","240,000","1,780,000","4,170,000","< 10,000","190,000",1,360,,,,,,,
Asia-Pacific,Indonesia,2020,"274,810,000","28,200,000","238,990,000","250,000","1,860,000","4,350,000","< 10,000","1,150,000",1,360,,,,,,,
Asia-Pacific,Iran,2010,"77,420,000","120,000","77,210,000","< 10,000","< 10,000","< 10,000","< 10,000","80,000",1,364,,,,,,,
Asia-Pacific,Iran,2020,"87,720,000","130,000","87,520,000","< 10,000","< 10,000","< 10,000","< 10,000","70,000",1,364,,,,,,,
Middle East-North Africa,Iraq,2010,"31,050,000","200,000","30,810,000","< 10,000","< 10,000","< 10,000","< 10,000","40,000",1,368,,,,,,,
Middle East-North Africa,Iraq,2020,"42,120,000","160,000","41,910,000","< 10,000","< 10,000","< 10,000","< 10,000","50,000",1,368,,,,,,,
Europe,Ireland,2010,"4,560,000","4,190,000","50,000","280,000","< 10,000","10,000","< 10,000","20,000",1,372,,,,,,,
Europe,Ireland,2020,"4,980,000","4,050,000","80,000","780,000","< 10,000","30,000","< 10,000","30,000",1,372,,,,,,,
Middle East-North Africa,Israel,2010,"7,340,000","140,000","1,020,000","260,000","< 10,000","10,000","5,760,000","140,000",1,376,,,,,,,
Middle East-North Africa,Israel,2020,"8,800,000","170,000","1,300,000","380,000","< 10,000","10,000","6,780,000","150,000",1,376,,,,,,,
Europe,Italy,2010,"60,160,000","53,240,000","2,060,000","4,050,000","250,000","180,000","50,000","330,000",1,380,,,,,,,
Europe,Italy,2020,"59,910,000","48,210,000","2,650,000","7,950,000","370,000","260,000","40,000","430,000",1,380,,,,,,,
Sub-Saharan Africa,Ivory Coast,2010,"22,490,000","9,170,000","9,830,000","2,250,000","< 10,000","< 10,000","< 10,000","1,230,000",1,384,,,,,,,
Sub-Saharan Africa,Ivory Coast,2020,"28,920,000","12,990,000","13,390,000","1,610,000","< 10,000","< 10,000","< 10,000","930,000",1,384,,,,,,,
Latin America-Caribbean,Jamaica,2010,"2,750,000","1,940,000","< 10,000","600,000","< 10,000","< 10,000","< 10,000","210,000",1,388,,,,,,,
Latin America-Caribbean,Jamaica,2020,"2,830,000","1,940,000","< 10,000","670,000","< 10,000","< 10,000","< 10,000","210,000",1,388,,,,,,,
Asia-Pacific,Japan,2010,"128,190,000","2,830,000","200,000","66,890,000","53,580,000","30,000","< 10,000","4,650,000",1,392,,,,,,,
Asia-Pacific,Japan,2020,"126,300,000","2,840,000","210,000","72,570,000","46,990,000","40,000","< 10,000","3,640,000",1,392,,,,,,,
Middle East-North Africa,Jordan,2010,"7,300,000","240,000","7,040,000","< 10,000","< 10,000","< 10,000","< 10,000","< 10,000",1,400,,,,,,,
Middle East-North Africa,Jordan,2020,"10,870,000","310,000","10,550,000","< 10,000","< 10,000","< 10,000","< 10,000","< 10,000",1,400,,,,,,,
Asia-Pacific,Kazakhstan,2010,"16,840,000","4,600,000","11,730,000","480,000","20,000","< 10,000","< 10,000","< 10,000",1,398,,,,,,,
Asia-Pacific,Kazakhstan,2020,"19,480,000","3,760,000","15,180,000","490,000","20,000","< 10,000","< 10,000","30,000",1,398,,,,,,,
Sub-Saharan Africa,Kenya,2010,"41,600,000","34,580,000","4,670,000","1,000,000","< 10,000","60,000","< 10,000","1,290,000",1,404,,,,,,,
Sub-Saharan Africa,Kenya,2020,"52,220,000","44,730,000","5,710,000","840,000","< 10,000","70,000","< 10,000","870,000",1,404,,,,,,,
Asia-Pacific,Kiribati,2010,"110,000","110,000","< 10,000","< 10,000","< 10,000","< 10,000","< 10,000","< 10,000",1,296,,,,,,,
Asia-Pacific,Kiribati,2020,"130,000","120,000","< 10,000","< 10,000","< 10,000","< 10,000","< 10,000","< 10,000",1,296,,,,,,,
Europe,Kosovo,2010,"1,790,000","110,000","1,680,000","< 10,000","< 10,000","< 10,000","< 10,000","< 10,000",1,412,,,,,,,
Europe,Kosovo,2020,"1,750,000","100,000","1,650,000","< 10,000","< 10,000","< 10,000","< 10,000","< 10,000",1,412,,,,,,,
Middle East-North Africa,Kuwait,2010,"2,940,000","280,000","2,430,000","< 10,000","< 10,000","220,000","< 10,000","< 10,000",1,414,,,,,,,
Middle East-North Africa,Kuwait,2020,"4,400,000","460,000","3,530,000","10,000","< 10,000","370,000","< 10,000","20,000",1,414,,,,,,,
Asia-Pacific,Kyrgyzstan,2010,"5,490,000","420,000","4,970,000","90,000","< 10,000","< 10,000","< 10,000","< 10,000",1,417,,,,,,,
Asia-Pacific,Kyrgyzstan,2020,"6,660,000","380,000","6,110,000","80,000","< 10,000","< 10,000","< 10,000","90,000",1,417,,,,,,,
Asia-Pacific,Laos,2010,"6,330,000","40,000","< 10,000","< 10,000","4,050,000","< 10,000","< 10,000","2,230,000",1,418,,,,,,,
Asia-Pacific,Laos,2020,"7,350,000","110,000","< 10,000","< 10,000","4,710,000","< 10,000","< 10,000","2,510,000",1,418,,,,,,,
Europe,Latvia,2010,"2,100,000","1,740,000","10,000","230,000","< 10,000","< 10,000","< 10,000","110,000",1,428,,,,,,,
Europe,Latvia,2020,"1,900,000","1,470,000","10,000","320,000","< 10,000","< 10,000","< 10,000","90,000",1,428,,,,,,,
Middle East-North Africa,Lebanon,2010,"5,040,000","1,710,000","3,140,000","< 10,000","< 10,000","< 10,000","< 10,000","190,000",1,422,,,,,,,
Middle East-North Africa,Lebanon,2020,"5,700,000","1,590,000","3,870,000","< 10,000","< 10,000","< 10,000","< 10,000","240,000",1,422,,,,,,,
Sub-Saharan Africa,Lesotho,2010,"2,000,000","1,940,000","< 10,000","30,000","< 10,000","< 10,000","< 10,000","20,000",1,426,,,,,,,
Sub-Saharan Africa,Lesotho,2020,"2,240,000","2,180,000","< 10,000","40,000","< 10,000","< 10,000","< 10,000","20,000",1,426,,,,,,,
Sub-Saharan Africa,Liberia,2010,"4,060,000","3,480,000","490,000","60,000","< 10,000","< 10,000","< 10,000","30,000",1,430,,,,,,,
Sub-Saharan Africa,Liberia,2020,"5,150,000","4,390,000","660,000","50,000","< 10,000","< 10,000","< 10,000","50,000",1,430,,,,,,,
Middle East-North Africa,Libya,2010,"6,500,000","170,000","6,290,000","< 10,000","20,000","< 10,000","< 10,000","< 10,000",1,434,,,,,,,
Middle East-North Africa,Libya,2020,"7,050,000","40,000","6,970,000","< 10,000","20,000","< 10,000","< 10,000","< 10,000",1,434,,,,,,,
Europe,Lithuania,2010,"3,100,000","2,860,000","< 10,000","210,000","< 10,000","< 10,000","< 10,000","20,000",1,440,,,,,,,
Europe,Lithuania,2020,"2,800,000","2,580,000","< 10,000","200,000","< 10,000","< 10,000","< 10,000","20,000",1,440,,,,,,,
Europe,Luxembourg,2010,"510,000","380,000","< 10,000","100,000","< 10,000","< 10,000","< 10,000","20,000",1,442,,,,,,,
Europe,Luxembourg,2020,"630,000","420,000","10,000","160,000","< 10,000","< 10,000","< 10,000","40,000",1,442,,,,,,,
Asia-Pacific,Macao,2010,"560,000","60,000","< 10,000","380,000","110,000","< 10,000","< 10,000","10,000",1,446,,,,,,,
Asia-Pacific,Macao,2020,"680,000","70,000","< 10,000","460,000","130,000","< 10,000","< 10,000","20,000",1,446,,,,,,,
Sub-Saharan Africa,Madagascar,2010,"22,180,000","15,520,000","140,000","4,980,000","< 10,000","10,000","< 10,000","1,520,000",1,450,,,,,,,
Sub-Saharan Africa,Madagascar,2020,"28,950,000","21,490,000","340,000","6,460,000","< 10,000","20,000","< 10,000","650,000",1,450,,,,,,,
Sub-Saharan Africa,Malawi,2010,"14,830,000","12,890,000","1,720,000","140,000","< 10,000","< 10,000","< 10,000","60,000",1,454,,,,,,,
Sub-Saharan Africa,Malawi,2020,"19,530,000","17,070,000","2,260,000","180,000","< 10,000","10,000","< 10,000","10,000",1,454,,,,,,,
Asia-Pacific,Malaysia,2010,"28,660,000","2,650,000","17,570,000","480,000","5,680,000","1,800,000","< 10,000","480,000",1,458,,,,,,,
Asia-Pacific,Malaysia,2020,"33,890,000","3,100,000","21,730,000","290,000","6,400,000","2,070,000","< 10,000","300,000",1,458,,,,,,,
Asia-Pacific,Maldives,2010,"360,000","< 10,000","340,000","< 10,000","< 10,000","< 10,000","< 10,000","< 10,000",1,462,,,,,,,
Asia-Pacific,Maldives,2020,"500,000","< 10,000","470,000","< 10,000","< 10,000","10,000","< 10,000","< 10,000",1,462,,,,,,,
Sub-Saharan Africa,Mali,2010,"15,950,000","550,000","14,990,000","220,000","< 10,000","< 10,000","< 10,000","180,000",1,466,,,,,,,
Sub-Saharan Africa,Mali,2020,"21,710,000","560,000","20,440,000","550,000","< 10,000","< 10,000","< 10,000","170,000",1,466,,,,,,,
Europe,Malta,2010,"420,000","410,000","< 10,000","10,000","< 10,000","< 10,000","< 10,000","< 10,000",1,470,,,,,,,
Europe,Malta,2020,"520,000","460,000","20,000","30,000","< 10,000","< 10,000","< 10,000","< 10,000",1,470,,,,,,,
Latin America-Caribbean,Martinique,2010,"400,000","380,000","< 10,000","< 10,000","< 10,000","< 10,000","< 10,000","< 10,000",1,474,,,,,,,
Latin America-Caribbean,Martinique,2020,"360,000","340,000","< 10,000","< 10,000","< 10,000","< 10,000","< 10,000","< 10,000",1,474,,,,,,,
Sub-Saharan Africa,Mauritania,2010,"3,390,000","< 10,000","3,360,000","< 10,000","< 10,000","< 10,000","< 10,000","20,000",1,478,,,,,,,
Sub-Saharan Africa,Mauritania,2020,"4,600,000","10,000","4,560,000","< 10,000","< 10,000","< 10,000","< 10,000","20,000",1,478,,,,,,,
Sub-Saharan Africa,Mauritius,2010,"1,280,000","420,000","220,000","< 10,000","< 10,000","620,000","< 10,000","< 10,000",1,480,,,,,,,
Sub-Saharan Africa,Mauritius,2020,"1,280,000","420,000","220,000","< 10,000","< 10,000","620,000","< 10,000","< 10,000",1,480,,,,,,,
Sub-Saharan Africa,Mayotte,2010,"210,000","< 10,000","200,000","< 10,000","< 10,000","< 10,000","< 10,000","< 10,000",1,175,,,,,,,
Sub-Saharan Africa,Mayotte,2020,"280,000","< 10,000","280,000","< 10,000","< 10,000","< 10,000","< 10,000","< 10,000",1,175,,,,,,,
Latin America-Caribbean,Mexico,2010,"113,620,000","107,960,000","< 10,000","5,490,000","10,000","< 10,000","70,000","80,000",1,484,,,,,,,
Latin America-Caribbean,Mexico,2020,"126,800,000","113,070,000","< 10,000","13,480,000","20,000","< 10,000","60,000","150,000",1,484,,,,,,,
Europe,Moldova,2010,"3,630,000","3,550,000","< 10,000","50,000","< 10,000","< 10,000","< 10,000","20,000",1,498,,,,,,,
Europe,Moldova,2020,"3,070,000","3,050,000","< 10,000","< 10,000","< 10,000","< 10,000","< 10,000","< 10,000",1,498,,,,,,,
Asia-Pacific,Mongolia,2010,"2,700,000","60,000","90,000","1,010,000","1,460,000","< 10,000","< 10,000","90,000",1,496,,,,,,,
Asia-Pacific,Mongolia,2020,"3,290,000","40,000","120,000","1,340,000","1,680,000","< 10,000","< 10,000","100,000",1,496,,,,,,,
Europe,Montenegro,2010,"630,000","490,000","120,000","< 10,000","< 10,000","< 10,000","< 10,000","< 10,000",1,499,,,,,,,
Europe,Montenegro,2020,"610,000","460,000","130,000","< 10,000","< 10,000","< 10,000","< 10,000","< 10,000",1,499,,,,,,,
Middle East-North Africa,Morocco,2010,"32,470,000","30,000","32,360,000","40,000","< 10,000","< 10,000","< 10,000","30,000",1,504,,,,,,,
Middle East-North Africa,Morocco,2020,"36,580,000","30,000","36,470,000","50,000","< 10,000","< 10,000","< 10,000","40,000",1,504,,,,,,,
Sub-Saharan Africa,Mozambique,2010,"23,000,000","12,960,000","4,140,000","4,360,000","< 10,000","< 10,000","< 10,000","1,540,000",1,508,,,,,,,
Sub-Saharan Africa,Mozambique,2020,"30,780,000","18,880,000","5,980,000","4,400,000","< 10,000","< 10,000","< 10,000","1,510,000",1,508,,,,,,,
Asia-Pacific,Myanmar,2010,"49,020,000","3,040,000","2,240,000","30,000","42,960,000","280,000","< 10,000","470,000",1,104,,,,,,,
Asia-Pacific,Myanmar,2020,"53,020,000","3,250,000","1,770,000","30,000","47,210,000","230,000","< 10,000","510,000",1,104,,,,,,,
Sub-Saharan Africa,Namibia,2010,"2,110,000","2,030,000","< 10,000","< 10,000","< 10,000","< 10,000","< 10,000","70,000",1,516,,,,,,,
Sub-Saharan Africa,Namibia,2020,"2,730,000","2,470,000","< 10,000","150,000","< 10,000","< 10,000","< 10,000","100,000",1,516,,,,,,,
Asia-Pacific,Nepal,2010,"27,340,000","380,000","1,200,000","< 10,000","2,470,000","22,290,000","< 10,000","990,000",1,524,,,,,,,
Asia-Pacific,Nepal,2020,"28,970,000","510,000","1,470,000","< 10,000","2,380,000","23,520,000","< 10,000","1,090,000",1,524,,,,,,,
Europe,Netherlands,2010,"16,770,000","7,170,000","840,000","7,640,000","40,000","80,000","30,000","980,000",1,528,,,,,,,
Europe,Netherlands,2020,"17,640,000","6,190,000","970,000","9,540,000","50,000","100,000","30,000","750,000",1,528,,,,,,,
Asia-Pacific,New Caledonia,2010,"260,000","220,000","< 10,000","30,000","< 10,000","< 10,000","< 10,000","< 10,000",1,540,,,,,,,
Asia-Pacific,New Caledonia,2020,"280,000","240,000","< 10,000","30,000","< 10,000","< 10,000","< 10,000","< 10,000",1,540,,,,,,,
Asia-Pacific,New Zealand,2010,"4,350,000","2,140,000","50,000","1,920,000","70,000","100,000","< 10,000","70,000",1,554,,,,,,,
Asia-Pacific,New Zealand,2020,"5,070,000","2,040,000","70,000","2,600,000","60,000","140,000","< 10,000","150,000",1,554,,,,,,,
Latin America-Caribbean,Nicaragua,2010,"5,740,000","4,990,000","< 10,000","720,000","< 10,000","< 10,000","< 10,000","30,000",1,558,,,,,,,
Latin America-Caribbean,Nicaragua,2020,"6,570,000","5,570,000","< 10,000","870,000","< 10,000","< 10,000","< 10,000","120,000",1,558,,,,,,,
Sub-Saharan Africa,Niger,2010,"16,550,000","180,000","16,310,000","40,000","< 10,000","< 10,000","< 10,000","10,000",1,562,,,,,,,
Sub-Saharan Africa,Niger,2020,"23,720,000","130,000","23,270,000","290,000","< 10,000","< 10,000","< 10,000","20,000",1,562,,,,,,,
Sub-Saharan Africa,Nigeria,2010,"166,640,000","73,980,000","90,890,000","710,000","< 10,000","< 10,000","< 10,000","1,060,000",1,566,,,,,,,
Sub-Saharan Africa,Nigeria,2020,"214,000,000","92,770,000","119,980,000","810,000","< 10,000","< 10,000","< 10,000","430,000",1,566,,,,,,,
Asia-Pacific,North Korea,2010,"24,990,000","100,000","< 10,000","18,200,000","380,000","< 10,000","< 10,000","6,300,000",1,408,,,,,,,
Asia-Pacific,North Korea,2020,"26,140,000","100,000","< 10,000","19,040,000","400,000","< 10,000","< 10,000","6,590,000",1,408,,,,,,,
Europe,North Macedonia,2010,"2,050,000","1,340,000","680,000","30,000","< 10,000","< 10,000","< 10,000","< 10,000",1,807,,,,,,,
Europe,North Macedonia,2020,"1,870,000","1,210,000","650,000","< 10,000","< 10,000","< 10,000","< 10,000","< 10,000",1,807,,,,,,,
Europe,Norway,2010,"4,890,000","3,850,000","120,000","720,000","30,000","< 10,000","< 10,000","160,000",1,578,,,,,,,
Europe,Norway,2020,"5,380,000","3,840,000","220,000","1,210,000","40,000","10,000","< 10,000","50,000",1,578,,,,,,,
Middle East-North Africa,Oman,2010,"2,760,000","120,000","2,490,000","< 10,000","< 10,000","140,000","< 10,000","< 10,000",1,512,,,,,,,
Middle East-North Africa,Oman,2020,"4,520,000","370,000","3,700,000","< 10,000","< 10,000","430,000","< 10,000","20,000",1,512,,,,,,,
Asia-Pacific,Pakistan,2010,"199,240,000","2,960,000","192,640,000","30,000","20,000","3,510,000","< 10,000","90,000",1,586,,,,,,,
Asia-Pacific,Pakistan,2020,"235,000,000","2,990,000","226,880,000","30,000","20,000","5,030,000","< 10,000","50,000",1,586,,,,,,,
Middle East-North Africa,Palestinian territories,2010,"4,020,000","50,000","3,970,000","< 10,000","< 10,000","< 10,000","< 10,000","< 10,000",1,275,,,,,,,
Middle East-North Africa,Palestinian territories,2020,"5,070,000","50,000","5,020,000","< 10,000","< 10,000","< 10,000","< 10,000","< 10,000",1,275,,,,,,,
Latin America-Caribbean,Panama,2010,"3,630,000","3,380,000","< 10,000","220,000","< 10,000","< 10,000","< 10,000","10,000",1,591,,,,,,,
Latin America-Caribbean,Panama,2020,"4,290,000","3,910,000","< 10,000","270,000","< 10,000","< 10,000","< 10,000","90,000",1,591,,,,,,,
Asia-Pacific,Papua New Guinea,2010,"7,630,000","7,600,000","< 10,000","30,000","< 10,000","< 10,000","< 10,000","< 10,000",1,598,,,,,,,
Asia-Pacific,Papua New Guinea,2020,"9,820,000","9,730,000","< 10,000","30,000","< 10,000","< 10,000","< 10,000","50,000",1,598,,,,,,,
Latin America-Caribbean,Paraguay,2010,"5,740,000","5,550,000","< 10,000","30,000","< 10,000","< 10,000","< 10,000","150,000",1,600,,,,,,,
Latin America-Caribbean,Paraguay,2020,"6,600,000","6,180,000","< 10,000","280,000","< 10,000","< 10,000","< 10,000","140,000",1,600,,,,,,,
Latin America-Caribbean,Peru,2010,"29,090,000","27,320,000","< 10,000","820,000","< 10,000","< 10,000","< 10,000","940,000",1,604,,,,,,,
Latin America-Caribbean,Peru,2020,"32,840,000","31,030,000","< 10,000","1,680,000","10,000","< 10,000","< 10,000","110,000",1,604,,,,,,,
Asia-Pacific,Philippines,2010,"96,340,000","88,410,000","5,370,000","70,000","40,000","< 10,000","< 10,000","2,450,000",1,608,,,,,,,
Asia-Pacific,Philippines,2020,"112,080,000","102,510,000","7,240,000","50,000","40,000","< 10,000","< 10,000","2,240,000",1,608,,,,,,,
Europe,Poland,2010,"38,100,000","37,050,000","< 10,000","1,010,000","< 10,000","< 10,000","< 10,000","20,000",1,616,,,,,,,
Europe,Poland,2020,"38,170,000","34,810,000","< 10,000","3,300,000","< 10,000","< 10,000","< 10,000","50,000",1,616,,,,,,,
Europe,Portugal,2010,"10,580,000","9,710,000","30,000","760,000","20,000","20,000","< 10,000","40,000",1,620,,,,,,,
Europe,Portugal,2020,"10,370,000","8,820,000","40,000","1,430,000","20,000","20,000","< 10,000","30,000",1,620,,,,,,,
Latin America-Caribbean,Puerto Rico,2010,"3,710,000","3,300,000","< 10,000","380,000","< 10,000","< 10,000","< 10,000","< 10,000",1,630,,,,,,,
Latin America-Caribbean,Puerto Rico,2020,"3,280,000","2,910,000","< 10,000","340,000","< 10,000","< 10,000","< 10,000","< 10,000",1,630,,,,,,,
Middle East-North Africa,Qatar,2010,"1,710,000","230,000","1,280,000","< 10,000","< 10,000","190,000","< 10,000","< 10,000",1,634,,,,,,,
Middle East-North Africa,Qatar,2020,"2,800,000","350,000","2,130,000","< 10,000","< 10,000","300,000","< 10,000","10,000",1,634,,,,,,,
Sub-Saharan Africa,Republic of the Congo,2010,"4,460,000","4,100,000","70,000","250,000","< 10,000","< 10,000","< 10,000","50,000",1,178,,,,,,,
Sub-Saharan Africa,Republic of the Congo,2020,"5,750,000","5,310,000","80,000","300,000","< 10,000","< 10,000","< 10,000","60,000",1,178,,,,,,,
Sub-Saharan Africa,Reunion,2010,"840,000","740,000","40,000","20,000","< 10,000","40,000","< 10,000","10,000",1,638,,,,,,,
Sub-Saharan Africa,Reunion,2020,"860,000","750,000","40,000","20,000","< 10,000","40,000","< 10,000","10,000",1,638,,,,,,,
Europe,Romania,2010,"20,430,000","20,280,000","70,000","40,000","< 10,000","< 10,000","< 10,000","30,000",1,642,,,,,,,
Europe,Romania,2020,"19,390,000","19,110,000","70,000","180,000","< 10,000","< 10,000","< 10,000","10,000",1,642,,,,,,,
Europe,Russia,2010,"143,930,000","110,960,000","12,410,000","18,760,000","520,000","100,000","200,000","980,000",1,643,,,,,,,
Europe,Russia,2020,"146,370,000","102,350,000","11,990,000","29,560,000","520,000","100,000","120,000","1,720,000",1,643,,,,,,,
Sub-Saharan Africa,Rwanda,2010,"10,320,000","9,990,000","140,000","90,000","< 10,000","< 10,000","< 10,000","90,000",1,646,,,,,,,
Sub-Saharan Africa,Rwanda,2020,"13,070,000","12,680,000","240,000","130,000","< 10,000","< 10,000","< 10,000","20,000",1,646,,,,,,,
Asia-Pacific,Samoa,2010,"190,000","190,000","< 10,000","< 10,000","< 10,000","< 10,000","< 10,000","< 10,000",1,882,,,,,,,
Asia-Pacific,Samoa,2020,"210,000","210,000","< 10,000","< 10,000","< 10,000","< 10,000","< 10,000","< 10,000",1,882,,,,,,,
Sub-Saharan Africa,Sao Tome and Principe,2010,"180,000","150,000","< 10,000","20,000","< 10,000","< 10,000","< 10,000","< 10,000",1,678,,,,,,,
Sub-Saharan Africa,Sao Tome and Principe,2020,"220,000","180,000","< 10,000","20,000","< 10,000","< 10,000","< 10,000","10,000",1,678,,,,,,,
Middle East-North Africa,Saudi Arabia,2010,"25,160,000","840,000","23,750,000","20,000","10,000","500,000","< 10,000","20,000",1,682,,,,,,,
Middle East-North Africa,Saudi Arabia,2020,"30,990,000","1,360,000","28,730,000","30,000","20,000","810,000","< 10,000","40,000",1,682,,,,,,,
Sub-Saharan Africa,Senegal,2010,"12,640,000","430,000","12,150,000","< 10,000","< 10,000","< 10,000","< 10,000","60,000",1,686,,,,,,,
Sub-Saharan Africa,Senegal,2020,"16,790,000","400,000","16,380,000","< 10,000","< 10,000","< 10,000","< 10,000","< 10,000",1,686,,,,,,,
Europe,Serbia,2010,"7,400,000","7,060,000","240,000","90,000","< 10,000","< 10,000","< 10,000","< 10,000",1,688,,,,,,,
Europe,Serbia,2020,"6,910,000","6,320,000","310,000","280,000","< 10,000","< 10,000","< 10,000","< 10,000",1,688,,,,,,,
Sub-Saharan Africa,Seychelles,2010,"90,000","90,000","< 10,000","< 10,000","< 10,000","< 10,000","< 10,000","< 10,000",1,690,,,,,,,
Sub-Saharan Africa,Seychelles,2020,"120,000","110,000","< 10,000","< 10,000","< 10,000","< 10,000","< 10,000","< 10,000",1,690,,,,,,,
Sub-Saharan Africa,Sierra Leone,2010,"6,220,000","1,130,000","5,070,000","< 10,000","< 10,000","< 10,000","< 10,000","10,000",1,694,,,,,,,
Sub-Saharan Africa,Sierra Leone,2020,"7,910,000","1,570,000","6,340,000","< 10,000","< 10,000","< 10,000","< 10,000","< 10,000",1,694,,,,,,,
Asia-Pacific,Singapore,2010,"5,080,000","930,000","790,000","840,000","1,680,000","270,000","< 10,000","570,000",1,702,,,,,,,
Asia-Pacific,Singapore,2020,"5,620,000","1,050,000","910,000","1,120,000","1,730,000","300,000","< 10,000","510,000",1,702,,,,,,,
Europe,Slovakia,2010,"5,390,000","4,050,000","< 10,000","1,330,000","< 10,000","< 10,000","< 10,000","< 10,000",1,703,,,,,,,
Europe,Slovakia,2020,"5,460,000","4,020,000","< 10,000","1,380,000","< 10,000","< 10,000","< 10,000","40,000",1,703,,,,,,,
Europe,Slovenia,2010,"2,040,000","1,480,000","20,000","540,000","< 10,000","< 10,000","< 10,000","< 10,000",1,705,,,,,,,
Europe,Slovenia,2020,"2,100,000","1,380,000","30,000","680,000","< 10,000","< 10,000","< 10,000","10,000",1,705,,,,,,,
Asia-Pacific,Solomon Islands,2010,"530,000","510,000","< 10,000","< 10,000","< 10,000","< 10,000","< 10,000","20,000",1,90,,,,,,,
Asia-Pacific,Solomon Islands,2020,"740,000","710,000","< 10,000","< 10,000","< 10,000","< 10,000","< 10,000","30,000",1,90,,,,,,,
Sub-Saharan Africa,Somalia,2010,"12,260,000","< 10,000","12,240,000","< 10,000","< 10,000","< 10,000","< 10,000","10,000",1,706,,,,,,,
Sub-Saharan Africa,Somalia,2020,"16,650,000","< 10,000","16,620,000","< 10,000","< 10,000","< 10,000","< 10,000","10,000",1,706,,,,,,,
Sub-Saharan Africa,South Africa,2010,"52,340,000","44,140,000","1,020,000","3,040,000","10,000","540,000","70,000","3,520,000",1,710,,,,,,,
Sub-Saharan Africa,South Africa,2020,"60,560,000","51,630,000","970,000","1,890,000","20,000","640,000","40,000","5,360,000",1,710,,,,,,,
Asia-Pacific,South Korea,2010,"48,770,000","15,670,000","100,000","20,160,000","12,470,000","20,000","< 10,000","350,000",1,410,,,,,,,
Asia-Pacific,South Korea,2020,"51,860,000","16,590,000","160,000","25,030,000","9,850,000","50,000","< 10,000","180,000",1,410,,,,,,,
Sub-Saharan Africa,South Sudan,2010,"9,750,000","5,720,000","610,000","40,000","< 10,000","< 10,000","< 10,000","3,370,000",1,728,,,,,,,
Sub-Saharan Africa,South Sudan,2020,"10,700,000","6,470,000","670,000","50,000","< 10,000","< 10,000","< 10,000","3,510,000",1,728,,,,,,,
Europe,Spain,2010,"46,840,000","36,840,000","990,000","8,890,000","< 10,000","20,000","10,000","90,000",1,724,,,,,,,
Europe,Spain,2020,"47,680,000","33,120,000","1,700,000","12,570,000","< 10,000","60,000","10,000","210,000",1,724,,,,,,,
Asia-Pacific,Sri Lanka,2010,"20,880,000","1,590,000","2,020,000","< 10,000","14,640,000","2,630,000","< 10,000","< 10,000",1,144,,,,,,,
Asia-Pacific,Sri Lanka,2020,"22,560,000","1,260,000","2,300,000","20,000","15,700,000","3,280,000","< 10,000","< 10,000",1,144,,,,,,,
Latin America-Caribbean,St. Lucia,2010,"170,000","160,000","< 10,000","10,000","< 10,000","< 10,000","< 10,000","< 10,000",1,662,,,,,,,
Latin America-Caribbean,St. Lucia,2020,"180,000","160,000","< 10,000","10,000","< 10,000","< 10,000","< 10,000","< 10,000",1,662,,,,,,,
Latin America-Caribbean,St. Vincent and the Grenadines,2010,"110,000","90,000","< 10,000","< 10,000","< 10,000","< 10,000","< 10,000","< 10,000",1,670,,,,,,,
Latin America-Caribbean,St. Vincent and the Grenadines,2020,"100,000","90,000","< 10,000","< 10,000","< 10,000","< 10,000","< 10,000","< 10,000",1,670,,,,,,,
Middle East-North Africa,Sudan,2010,"35,410,000","60,000","35,310,000","40,000","< 10,000","< 10,000","< 10,000","< 10,000",1,729,,,,,,,
Middle East-North Africa,Sudan,2020,"46,790,000","230,000","46,250,000","260,000","< 10,000","< 10,000","< 10,000","40,000",1,729,,,,,,,
Latin America-Caribbean,Suriname,2010,"550,000","280,000","80,000","40,000","< 10,000","130,000","< 10,000","20,000",1,740,,,,,,,
Latin America-Caribbean,Suriname,2020,"610,000","320,000","80,000","50,000","< 10,000","140,000","< 10,000","20,000",1,740,,,,,,,
Europe,Sweden,2010,"9,380,000","6,820,000","420,000","2,010,000","60,000","20,000","< 10,000","30,000",1,752,,,,,,,
Europe,Sweden,2020,"10,350,000","6,290,000","840,000","2,990,000","90,000","50,000","20,000","80,000",1,752,,,,,,,
Europe,Switzerland,2010,"7,830,000","5,740,000","400,000","1,570,000","40,000","40,000","20,000","10,000",1,756,,,,,,,
Europe,Switzerland,2020,"8,640,000","5,320,000","530,000","2,660,000","50,000","50,000","20,000","20,000",1,756,,,,,,,
Middle East-North Africa,Syria,2010,"22,480,000","1,930,000","20,110,000","430,000","< 10,000","< 10,000","< 10,000","< 10,000",1,760,,,,,,,
Middle East-North Africa,Syria,2020,"21,050,000","810,000","19,820,000","420,000","< 10,000","< 10,000","< 10,000","< 10,000",1,760,,,,,,,
Asia-Pacific,Taiwan,2010,"23,220,000","1,150,000","80,000","5,290,000","4,850,000","< 10,000","< 10,000","11,860,000",1,158,,,,,,,
Asia-Pacific,Taiwan,2020,"23,660,000","1,310,000","120,000","5,460,000","4,540,000","< 10,000","< 10,000","12,230,000",1,158,,,,,,,
Asia-Pacific,Tajikistan,2010,"7,650,000","80,000","7,570,000","< 10,000","< 10,000","< 10,000","< 10,000","< 10,000",1,762,,,,,,,
Asia-Pacific,Tajikistan,2020,"9,750,000","100,000","9,640,000","< 10,000","< 10,000","< 10,000","< 10,000","< 10,000",1,762,,,,,,,
Sub-Saharan Africa,Tanzania,2010,"44,760,000","27,610,000","15,840,000","970,000","< 10,000","< 10,000","< 10,000","330,000",1,834,,,,,,,
Sub-Saharan Africa,Tanzania,2020,"60,970,000","39,440,000","18,210,000","2,120,000","< 10,000","< 10,000","< 10,000","1,190,000",1,834,,,,,,,
Asia-Pacific,Thailand,2010,"68,580,000","840,000","3,460,000","50,000","64,090,000","50,000","< 10,000","100,000",1,764,,,,,,,
Asia-Pacific,Thailand,2020,"71,640,000","740,000","3,230,000","< 10,000","67,620,000","30,000","< 10,000","< 10,000",1,764,,,,,,,
Asia-Pacific,Timor-Leste,2010,"1,080,000","1,080,000","< 10,000","< 10,000","< 10,000","< 10,000","< 10,000","< 10,000",1,626,,,,,,,
Asia-Pacific,Timor-Leste,2020,"1,330,000","1,320,000","< 10,000","< 10,000","< 10,000","< 10,000","< 10,000","< 10,000",1,626,,,,,,,
Sub-Saharan Africa,Togo,2010,"6,730,000","3,930,000","1,090,000","510,000","< 10,000","< 10,000","< 10,000","1,200,000",1,768,,,,,,,
Sub-Saharan Africa,Togo,2020,"8,670,000","4,930,000","1,400,000","690,000","< 10,000","< 10,000","< 10,000","1,640,000",1,768,,,,,,,
Asia-Pacific,Tonga,2010,"110,000","110,000","< 10,000","< 10,000","< 10,000","< 10,000","< 10,000","< 10,000",1,776,,,,,,,
Asia-Pacific,Tonga,2020,"110,000","100,000","< 10,000","< 10,000","< 10,000","< 10,000","< 10,000","< 10,000",1,776,,,,,,,
Latin America-Caribbean,Trinidad and Tobago,2010,"1,390,000","960,000","80,000","40,000","< 10,000","290,000","< 10,000","20,000",1,780,,,,,,,
Latin America-Caribbean,Trinidad and Tobago,2020,"1,480,000","1,040,000","80,000","40,000","< 10,000","310,000","< 10,000","20,000",1,780,,,,,,,
Middle East-North Africa,Tunisia,2010,"10,770,000","20,000","10,700,000","40,000","< 10,000","< 10,000","< 10,000","< 10,000",1,788,,,,,,,
Middle East-North Africa,Tunisia,2020,"11,970,000","30,000","11,890,000","50,000","< 10,000","< 10,000","< 10,000","< 10,000",1,788,,,,,,,
Asia-Pacific,Turkey,2010,"73,350,000","480,000","72,340,000","130,000","30,000","20,000","20,000","320,000",1,792,,,,,,,
Asia-Pacific,Turkey,2020,"86,090,000","120,000","83,600,000","2,180,000","50,000","40,000","30,000","90,000",1,792,,,,,,,
Asia-Pacific,Turkmenistan,2010,"5,560,000","350,000","5,180,000","30,000","< 10,000","< 10,000","< 10,000","< 10,000",1,795,,,,,,,
Asia-Pacific,Turkmenistan,2020,"6,950,000","390,000","6,550,000","< 10,000","< 10,000","< 10,000","< 10,000","< 10,000",1,795,,,,,,,
Latin America-Caribbean,U.S. Virgin Islands,2010,"110,000","100,000","< 10,000","< 10,000","< 10,000","< 10,000","< 10,000","< 10,000",1,850,,,,,,,
Latin America-Caribbean,U.S. Virgin Islands,2020,"90,000","80,000","< 10,000","< 10,000","< 10,000","< 10,000","< 10,000","< 10,000",1,850,,,,,,,
Sub-Saharan Africa,Uganda,2010,"32,390,000","28,380,000","3,630,000","< 10,000","< 10,000","< 10,000","< 10,000","370,000",1,800,,,,,,,
Sub-Saharan Africa,Uganda,2020,"44,460,000","39,010,000","5,070,000","40,000","< 10,000","< 10,000","< 10,000","330,000",1,800,,,,,,,
Europe,Ukraine,2010,"46,460,000","39,700,000","420,000","6,150,000","50,000","< 10,000","50,000","90,000",1,804,,,,,,,
Europe,Ukraine,2020,"44,680,000","37,280,000","250,000","6,770,000","150,000","< 10,000","40,000","190,000",1,804,,,,,,,
Middle East-North Africa,United Arab Emirates,2010,"6,940,000","910,000","5,210,000","20,000","10,000","750,000","< 10,000","30,000",1,784,,,,,,,
Middle East-North Africa,United Arab Emirates,2020,"9,450,000","1,350,000","6,890,000","30,000","20,000","1,110,000","< 10,000","40,000",1,784,,,,,,,
Europe,United Kingdom,2010,"63,010,000","39,300,000","3,310,000","18,140,000","280,000","930,000","280,000","760,000",1,826,,,,,,,
Europe,United Kingdom,2020,"67,350,000","33,250,000","4,290,000","27,090,000","310,000","1,140,000","300,000","980,000",1,826,,,,,,,
North America,United States,2010,"311,060,000","243,500,000","2,770,000","51,180,000","3,580,000","1,790,000","5,710,000","2,530,000",1,840,,,,,,,
North America,United States,2020,"339,440,000","217,270,000","4,050,000","100,910,000","4,380,000","3,040,000","5,730,000","4,050,000",1,840,,,,,,,
Latin America-Caribbean,Uruguay,2010,"3,320,000","2,020,000","< 10,000","1,200,000","< 10,000","< 10,000","20,000","70,000",1,858,,,,,,,
Latin America-Caribbean,Uruguay,2020,"3,400,000","1,510,000","< 10,000","1,780,000","< 10,000","< 10,000","20,000","90,000",1,858,,,,,,,
Asia-Pacific,Uzbekistan,2010,"28,390,000","950,000","27,180,000","170,000","20,000","60,000","< 10,000","< 10,000",1,860,,,,,,,
Asia-Pacific,Uzbekistan,2020,"33,590,000","930,000","32,120,000","190,000","< 10,000","< 10,000","< 10,000","340,000",1,860,,,,,,,
Asia-Pacific,Vanuatu,2010,"240,000","200,000","< 10,000","< 10,000","< 10,000","< 10,000","< 10,000","40,000",1,548,,,,,,,
Asia-Pacific,Vanuatu,2020,"300,000","250,000","< 10,000","< 10,000","< 10,000","< 10,000","< 10,000","50,000",1,548,,,,,,,
Latin America-Caribbean,Venezuela,2010,"28,810,000","25,750,000","10,000","2,430,000","< 10,000","< 10,000","10,000","600,000",1,862,,,,,,,
Latin America-Caribbean,Venezuela,2020,"28,440,000","25,060,000","10,000","2,770,000","< 10,000","< 10,000","< 10,000","590,000",1,862,,,,,,,
Asia-Pacific,Vietnam,2010,"87,460,000","7,690,000","80,000","54,350,000","24,130,000","60,000","< 10,000","1,160,000",1,704,,,,,,,
Asia-Pacific,Vietnam,2020,"98,080,000","8,170,000","70,000","66,370,000","22,580,000","40,000","< 10,000","850,000",1,704,,,,,,,
Middle East-North Africa,Western Sahara,2010,"410,000","< 10,000","410,000","< 10,000","< 10,000","< 10,000","< 10,000","< 10,000",1,732,,,,,,,
Middle East-North Africa,Western Sahara,2020,"550,000","< 10,000","550,000","< 10,000","< 10,000","< 10,000","< 10,000","< 10,000",1,732,,,,,,,
Middle East-North Africa,Yemen,2010,"26,750,000","30,000","26,700,000","20,000","< 10,000","< 10,000","< 10,000","< 10,000",1,887,,,,,,,
Middle East-North Africa,Yemen,2020,"36,130,000","20,000","36,090,000","20,000","< 10,000","< 10,000","< 10,000","< 10,000",1,887,,,,,,,
Sub-Saharan Africa,Zambia,2010,"13,970,000","13,640,000","70,000","10,000","< 10,000","< 10,000","< 10,000","240,000",1,894,,,,,,,
Sub-Saharan Africa,Zambia,2020,"19,060,000","18,730,000","100,000","10,000","< 10,000","< 10,000","< 10,000","220,000",1,894,,,,,,,
Sub-Saharan Africa,Zimbabwe,2010,"13,360,000","11,280,000","70,000","1,670,000","< 10,000","< 10,000","< 10,000","330,000",1,716,,,,,,,
Sub-Saharan Africa,Zimbabwe,2020,"15,530,000","13,540,000","80,000","1,640,000","< 10,000","< 10,000","< 10,000","260,000",1,716,,,,,,,
